{"cameraMode":{"drawMode":0,"name":"Shaded","section":"Shading Mode"},"sceneLighting":false,"audioPlay":false,"sceneViewState":{"showFog":true,"showMaterialUpdate":false,"showSkybox":true,"showFlares":true,"showImageEffects":true,"showParticleSystems":true},"in2DMode":false,"pivot":{"x":-0.0007163882255554199,"y":0.01969868689775467,"z":0.11049078404903412},"rotation":{"x":0.01001716684550047,"y":0.9897626042366028,"z":-0.08962905406951904,"w":0.11061812937259674},"size":0.5857878923416138,"orthographic":false}