{"cameraMode":{"drawMode":0,"name":"Shaded","section":"Shading Mode"},"sceneLighting":false,"audioPlay":false,"sceneViewState":{"showFog":true,"showMaterialUpdate":false,"showSkybox":true,"showFlares":true,"showImageEffects":true,"showParticleSystems":true},"in2DMode":false,"pivot":{"x":-5.179149150848389,"y":-0.6171829700469971,"z":-0.009854733943939209},"rotation":{"x":0.01001716684550047,"y":0.9897626042366028,"z":-0.08962905406951904,"w":0.11061812937259674},"size":1.4269639253616334,"orthographic":false}