{"cameraMode":{"drawMode":0,"name":"Shaded","section":"Shading Mode"},"sceneLighting":false,"audioPlay":false,"sceneViewState":{"showFog":true,"showMaterialUpdate":false,"showSkybox":true,"showFlares":true,"showImageEffects":true,"showParticleSystems":true},"in2DMode":false,"pivot":{"x":-0.22080254554748536,"y":0.32612672448158266,"z":0.0574498176574707},"rotation":{"x":0.018389100208878518,"y":0.5914093852043152,"z":-0.013492327183485031,"w":0.8060488104820252},"size":2.4452342987060549,"orthographic":false}