{"cameraMode":{"drawMode":0,"name":"Shaded","section":"Shading Mode"},"sceneLighting":false,"audioPlay":false,"sceneViewState":{"showFog":true,"showMaterialUpdate":false,"showSkybox":true,"showFlares":true,"showImageEffects":true,"showParticleSystems":true},"in2DMode":false,"pivot":{"x":-0.0008421614766120911,"y":0.052045390009880069,"z":0.005277872085571289},"rotation":{"x":0.01001716684550047,"y":0.9897626042366028,"z":-0.08962905406951904,"w":0.11061812937259674},"size":3.231806516647339,"orthographic":false}