{"cameraMode":{"drawMode":0,"name":"Shaded","section":"Shading Mode"},"sceneLighting":false,"audioPlay":false,"sceneViewState":{"showFog":true,"showMaterialUpdate":false,"showSkybox":true,"showFlares":true,"showImageEffects":true,"showParticleSystems":true},"in2DMode":false,"pivot":{"x":-12.600000381469727,"y":1.1399999856948853,"z":106.5999984741211},"rotation":{"x":-0.020242033526301385,"y":-0.9564549326896668,"z":0.06840549409389496,"w":-0.2830280661582947},"size":2.8578836917877199,"orthographic":true}