{"cameraMode":{"drawMode":0,"name":"Shaded","section":"Shading Mode"},"sceneLighting":false,"audioPlay":false,"sceneViewState":{"showFog":true,"showMaterialUpdate":false,"showSkybox":true,"showFlares":true,"showImageEffects":true,"showParticleSystems":true},"in2DMode":false,"pivot":{"x":-0.008890107274055481,"y":0.12195982038974762,"z":-0.22218221426010133},"rotation":{"x":0.01001716684550047,"y":0.9897626042366028,"z":-0.08962905406951904,"w":0.11061812937259674},"size":5.157538414001465,"orthographic":false}