{"cameraMode":{"drawMode":0,"name":"Shaded","section":"Shading Mode"},"sceneLighting":false,"audioPlay":false,"sceneViewState":{"showFog":true,"showMaterialUpdate":false,"showSkybox":true,"showFlares":true,"showImageEffects":true,"showParticleSystems":true},"in2DMode":false,"pivot":{"x":1.5827221870422364,"y":-0.4245145916938782,"z":0.8037973642349243},"rotation":{"x":0.12869055569171906,"y":0.5320513844490051,"z":-0.08221390098333359,"w":0.8328271508216858},"size":4.0578837394714359,"orthographic":false}