{"cameraMode":{"drawMode":0,"name":"Shaded","section":"Shading Mode"},"sceneLighting":false,"audioPlay":false,"sceneViewState":{"showFog":true,"showMaterialUpdate":false,"showSkybox":true,"showFlares":true,"showImageEffects":true,"showParticleSystems":true},"in2DMode":false,"pivot":{"x":4.989999771118164,"y":1.625,"z":-20.149999618530275},"rotation":{"x":0.011679509654641152,"y":0.9863372445106506,"z":-0.08037614822387696,"w":0.14332515001296998},"size":7.108896732330322,"orthographic":false}