{"cameraMode":{"drawMode":0,"name":"Shaded","section":"Shading Mode"},"sceneLighting":true,"audioPlay":false,"sceneViewState":{"showFog":true,"showMaterialUpdate":false,"showSkybox":true,"showFlares":true,"showImageEffects":true,"showParticleSystems":true},"in2DMode":false,"pivot":{"x":-3.859999656677246,"y":1.5299999713897706,"z":2.450000047683716},"rotation":{"x":-0.1206347644329071,"y":-0.8759890794754028,"z":0.3687094748020172,"w":-0.2866072952747345},"size":17.10520362854004,"orthographic":true}